vessel_id,imo_number,mmsi,vessel_name,vessel_type,vessel_class,flag_country,flag_risk_category,flag_risk_score,deadweight_tonnage,max_design_draft_m,ballast_draft_m,build_year,vessel_age_years,ground_truth_dark_fleet_label,total_ais_pings,first_seen_timestamp,last_seen_timestamp,total_dark_events,cumulative_dark_hours,max_single_gap_hours,max_draft_delta_m,total_sts_transfers,high_risk_zone_events,total_illicit_barrels_est,total_illicit_cargo_value_usd,peak_forensic_severity_score,dark_fleet_risk_index,risk_tier,recommended_regulatory_action
VESSEL_0001,9100091,500000214,NEPTUNE GLORY,Crude Oil Tanker,VLCC,Liberia,FLAG_OF_CONVENIENCE,2,259144,20.84,9.38,2012,14,true,874,2026-08-01T00:00:00.000000,2026-08-30T23:45:00.000000,2,62.75,48.25,11.03,2,2,3621696.0,271627200.0,95.0,100.0,CRITICAL_SANCTION_RISK,Mandate immediate voyage charter halt; OFAC / EU compliance escalation.
VESSEL_0002,9100216,500001176,TITAN PROSPECTOR,Chemical Tanker,VLCC,Gabon,HIGH_RISK_SANCTION_FLAG,3,265247,20.26,8.53,2001,25,true,884,2026-08-01T00:00:00.000000,2026-08-30T23:00:00.000000,2,65.5,36.75,11.12,2,2,0.0,0.0,92.6,100.0,CRITICAL_SANCTION_RISK,Mandate immediate voyage charter halt; OFAC / EU compliance escalation.
VESSEL_0005,9100602,500004666,BLACK PEARL,Product Tanker,Aframax,Malta,FLAG_OF_CONVENIENCE,2,93180,15.15,7.45,2006,20,true,911,2026-08-01T00:00:00.000000,2026-08-30T23:15:00.000000,2,47.0,28.75,7.4,2,2,1303927.0,97794525.0,76.6,100.0,CRITICAL_SANCTION_RISK,Mandate immediate voyage charter halt; OFAC / EU compliance escalation.
VESSEL_0006,9100732,500005884,CASPIAN VOYAGER,Product Tanker,VLCC,Iran,HIGH_RISK_SANCTION_FLAG,3,253003,20.65,9.5,1999,27,true,880,2026-08-01T00:00:00.000000,2026-08-30T23:30:00.000000,2,50.75,36.5,10.52,2,2,3487813.0,261585975.0,87.4,100.0,CRITICAL_SANCTION_RISK,Mandate immediate voyage charter halt; OFAC / EU compliance escalation.
VESSEL_0008,9101003,500007727,ORION TRADER,Crude Oil Tanker,Aframax,Liberia,FLAG_OF_CONVENIENCE,2,101043,13.78,7.46,2012,14,true,852,2026-08-01T00:00:00.000000,2026-08-30T23:15:00.000000,2,73.25,36.75,5.86,2,2,1326598.0,99494850.0,74.8,100.0,CRITICAL_SANCTION_RISK,Mandate immediate voyage charter halt; OFAC / EU compliance escalation.
VESSEL_0009,9101187,500008700,PHOENIX MARINER,Crude Oil Tanker,VLCC,Panama,FLAG_OF_CONVENIENCE,2,303857,19.08,8.91,2002,24,true,887,2026-08-01T00:00:00.000000,2026-08-30T23:30:00.000000,2,61.5,36.75,10.26,2,2,4364752.0,327356400.0,82.6,100.0,CRITICAL_SANCTION_RISK,Mandate immediate voyage charter halt; OFAC / EU compliance escalation.
VESSEL_0011,9101397,500010222,STELLA MARIS II,Product Tanker,Aframax,Malta,FLAG_OF_CONVENIENCE,2,111175,14.12,8.2,2000,26,true,823,2026-08-01T00:00:00.000000,2026-08-30T23:00:00.000000,2,96.5,48.25,5.64,2,2,1493548.0,112016100.0,86.0,100.0,CRITICAL_SANCTION_RISK,Mandate immediate voyage charter halt; OFAC / EU compliance escalation.
VESSEL_0015,9101948,500014382,EMPEROR SPIRIT,Crude Oil Tanker,Suezmax,Denmark,STANDARD_REGISTRY,1,146403,16.68,8.31,1999,27,true,870,2026-08-01T00:00:00.000000,2026-08-30T23:15:00.000000,2,61.5,36.5,7.77,2,2,1939847.0,145488525.0,82.4,100.0,CRITICAL_SANCTION_RISK,Mandate immediate voyage charter halt; OFAC / EU compliance escalation.
VESSEL_0017,9102202,500016505,AURORA SUN,Product Tanker,Suezmax,Gabon,HIGH_RISK_SANCTION_FLAG,3,158793,17.17,8.61,2001,25,true,867,2026-08-01T00:00:00.000000,2026-08-30T23:30:00.000000,2,71.5,42.75,8.24,2,2,2224563.0,166842225.0,97.1,100.0,CRITICAL_SANCTION_RISK,Mandate immediate voyage charter halt; OFAC / EU compliance escalation.
VESSEL_0018,9102346,500017125,PERSIAN PRIDE,Crude Oil Tanker,VLCC,Palau,HIGH_RISK_SANCTION_FLAG,3,314093,20.9,9.5,2000,26,true,840,2026-08-01T00:00:00.000000,2026-08-30T23:30:00.000000,2,97.5,49.0,11.25,2,2,4396588.0,329744100.0,100.0,100.0,CRITICAL_SANCTION_RISK,Mandate immediate voyage charter halt; OFAC / EU compliance escalation.
VESSEL_0019,9102560,500018352,SIRIUS DELTA,Crude Oil Tanker,Aframax,Russia,HIGH_RISK_SANCTION_FLAG,3,112730,15.14,8.11,2010,16,true,917,2026-08-01T00:00:00.000000,2026-08-30T23:15:00.000000,2,29.5,15.0,6.95,2,2,1549186.0,116188950.0,74.1,100.0,CRITICAL_SANCTION_RISK,Mandate immediate voyage charter halt; OFAC / EU compliance escalation.
VESSEL_0020,9102701,500019058,ZEUS CARRIER,Product Tanker,Aframax,Iran,HIGH_RISK_SANCTION_FLAG,3,109472,14.24,7.62,1999,27,true,842,2026-08-01T00:00:00.000000,2026-08-30T23:45:00.000000,2,84.75,48.5,6.33,2,2,1447283.0,108546225.0,90.9,100.0,CRITICAL_SANCTION_RISK,Mandate immediate voyage charter halt; OFAC / EU compliance escalation.
VESSEL_0022,9102967,500020887,SILVER FALCON,Crude Oil Tanker,Suezmax,Gabon,HIGH_RISK_SANCTION_FLAG,3,132321,16.13,8.08,2005,21,true,836,2026-08-01T00:00:00.000000,2026-08-30T23:15:00.000000,2,91.5,48.5,7.8,2,2,1825364.0,136902300.0,100.0,100.0,CRITICAL_SANCTION_RISK,Mandate immediate voyage charter halt; OFAC / EU compliance escalation.
VESSEL_0023,9103051,500022366,VOLGA ENTERPRISE,Crude Oil Tanker,Aframax,Bahamas,FLAG_OF_CONVENIENCE,2,115976,13.91,7.57,2004,22,true,893,2026-08-01T00:00:00.000000,2026-08-30T23:15:00.000000,2,47.0,28.5,6.14,2,2,1643892.0,123291900.0,75.0,100.0,CRITICAL_SANCTION_RISK,Mandate immediate voyage charter halt; OFAC / EU compliance escalation.
VESSEL_0024,9103185,500022897,KALLISTO,Crude Oil Tanker,Suezmax,Marshall Islands,FLAG_OF_CONVENIENCE,2,143470,16.03,8.53,2008,18,true,888,2026-08-01T00:00:00.000000,2026-08-30T23:45:00.000000,2,57.25,42.75,7.27,2,2,2027553.0,152066475.0,87.0,100.0,CRITICAL_SANCTION_RISK,Mandate immediate voyage charter halt; OFAC / EU compliance escalation.
VESSEL_0025,9103381,500024449,NORDIC GLORY,Crude Oil Tanker,Suezmax,Iran,HIGH_RISK_SANCTION_FLAG,3,156233,16.9,8.05,2001,25,true,909,2026-08-01T00:00:00.000000,2026-08-30T23:15:00.000000,2,37.25,19.0,8.79,2,2,2193326.0,164499450.0,79.3,100.0,CRITICAL_SANCTION_RISK,Mandate immediate voyage charter halt; OFAC / EU compliance escalation.
VESSEL_0026,9103503,500025234,BALTIC PIONEER,Crude Oil Tanker,Suezmax,Cameroon,HIGH_RISK_SANCTION_FLAG,3,138185,16.92,7.88,2010,16,true,845,2026-08-01T00:00:00.000000,2026-08-30T23:30:00.000000,2,85.5,49.0,9.08,2,2,1995540.0,149665500.0,95.0,100.0,CRITICAL_SANCTION_RISK,Mandate immediate voyage charter halt; OFAC / EU compliance escalation.
VESSEL_0028,9103730,500027165,GOLDEN OASIS,Chemical Tanker,Suezmax,Russia,HIGH_RISK_SANCTION_FLAG,3,159571,15.13,8.18,2004,22,true,890,2026-08-01T00:00:00.000000,2026-08-30T23:00:00.000000,2,52.5,28.25,6.76,2,2,0.0,0.0,78.4,100.0,CRITICAL_SANCTION_RISK,Mandate immediate voyage charter halt; OFAC / EU compliance escalation.
VESSEL_0029,9103879,500028538,ALBATROSS PRIME,Chemical Tanker,Aframax,Iran,HIGH_RISK_SANCTION_FLAG,3,116894,13.76,7.36,1998,28,true,864,2026-08-01T00:00:00.000000,2026-08-30T23:15:00.000000,2,79.25,42.5,6.12,2,2,0.0,0.0,88.6,100.0,CRITICAL_SANCTION_RISK,Mandate immediate voyage charter halt; OFAC / EU compliance escalation.
VESSEL_0032,9104329,500030949,TITAN PROSPECTOR 2,Crude Oil Tanker,Aframax,Malta,FLAG_OF_CONVENIENCE,2,105733,15.09,7.25,2009,17,true,874,2026-08-01T00:00:00.000000,2026-08-30T23:00:00.000000,2,77.0,48.25,7.21,2,2,1423511.0,106763325.0,94.5,100.0,CRITICAL_SANCTION_RISK,Mandate immediate voyage charter halt; OFAC / EU compliance escalation.
